0,0,0,0,0,NaN,NaN
5.061232,5,6,0,3,0.00,83.33
7.634367,6,6,0,3,0.00,100.00
