0,0,0,0,0,NaN,NaN
5.0066,8,10,0,2,0.00,80.00
10.01434,14,20,0,6,0.00,70.00
15.0285,19,20,0,6,0.00,95.00
15.61923,20,20,0,6,0.00,100.00
